<?xml version="1.0" encoding="UTF-8" standalone="yes"?>
<addon  id="plugin.video.jellyfincon"
        name="JellyfinCon"
        version="1.0.0"
        provider-name="Astate">
  <requires>
    <import addon="xbmc.python" version="2.25.0"/>
  </requires>
  <extension point="xbmc.python.pluginsource" library="default.py">
        <provides>video audio</provides>
  </extension>
  <extension point="xbmc.service" library="service.py" start="login">
  </extension>
  <extension point="kodi.context.item">
    <menu id="kodi.core.main">
      <item library="contextmenu.py">
        <label>30326</label>
        <visible>!String.IsEmpty(ListItem.Property(id)) + String.StartsWith(ListItem.FolderPath,plugin://plugin.video.jellyfincon)</visible><!-- + [String.IsEqual(ListItem.DBType,movie) | String.IsEqual(ListItem.DBType,episode) | String.IsEqual(ListItem.DBType,season) | String.IsEqual(ListItem.DBType,album) | String.IsEqual(ListItem.DBType,song)]</visible>-->
      </item>
    </menu>
  </extension>
  <extension point="xbmc.addon.metadata">
    <platform>all</platform>
    <language>en</language>
    <license>GNU GENERAL PUBLIC LICENSE. Version 2, June 1991</license>
    <website>https://jellyfin.media/</website>
    <summary lang="en_GB">Browse and play your Jellyfin server media library.</summary>
    <description lang="en_GB">The Jellyfin project was started as a
         result of Jellyfin s decision to take their code closed-source,
          as well as various philosophical differences with the core
           developers. Jellyfin seeks to be the free software alternative
           to Jellyfin and Plex to provide media management and streaming
            from a dedicated server to end-user devices</description>
  </extension>
</addon>
